,BGN,BGNx3,Base,G,G&I,I
0,0.0,0.0,0.0,0.0,0.0,0.0
1,-0.16666666666666666,-0.16666666666666666,-0.16666666666666666,-0.16666666666666666,0.08333333333333333,0.08333333333333333
2,-1.5,-1.5,-1.5,-1.5,-1.0,-1.0
3,-0.08333333333333333,-0.08333333333333333,-0.08333333333333333,-0.08333333333333333,-0.25,-0.16666666666666666
4,2.6666666666666665,2.6666666666666665,2.75,2.6666666666666665,2.8333333333333335,2.8333333333333335
